group	subgroup	cong	location	vacant	founded	building1st	whenorganized	year1n	memb1	year2n	memb2	year3n	memb3	year4n	memb4	year5n	memb5	year6n	memb6	year7n	memb7	year8n	memb8	year9	gps1	gps2	casenum	organizationdate	memborganize	parentchurch	year1	year2	year3	year4	year5	year6	year7	year8
Menno	MC	Greenmonte Fellowship	Augusta		1952	1956		1954	18	1975	69	2000	89	2018	100										38.001331	-79.090198	1				1954/18	1975/69	2000/89	2018/100				
Menno	Ind. Menn.	Hildebrand	Augusta		1826	1826		1905	13	1925	33	1950	43	1955	56	1975	36	1997	26	2015	4				38.139436	-78.888379	2				1905/13	1925/33	1950/43	1955/56	1975/36	1997/26	2015/4	
Menno	MC	Lynside	Augusta		1954	1954	52	1959	125	1975	135	1997	68	2013	63	2018	58								38.024984	-78.945297	3				1959/125	1975/135	1997/68	2013/63	2018/58			
Menno	Ind. Menn.	Mountain View	Augusta		1899	1900	23	1905	21	1925	31	1950	116	1975	153	1997	105	2007	151	2013	207				37.918041	-78.990468	4				1905/21	1925/31	1950/116	1975/153	1997/105	2007/151	2013/207	
Menno	MC	Springdale	Augusta		1825	1825		1905	75	1925	100	1933	150	1950	208	1975	180	1997	215	2013	160	2018	126		38.040818	-78.971802	5				1905/75	1925/100	1933/150	1950/208	1975/180	1997/215	2013/160	2018/126
Menno	Ind. Menn.	Stuarts Draft	Augusta		1920	1926		1925	15	1950	30	1975	114	1997	90	2013	54								38.008256	-79.025646	6				1925/15	1950/30	1975/114	1997/90	2013/54			
Menno	MC	Staunton	Staunton		1960	1960		1971	36	2000	42	2018	38												38.158	-79.096397	7				1971/36	2000/42	2018/38					
Menno	MC	Waynesboro	Waynesboro		1981	1986	78	1990	123	2000	196	2013	134	2018	89										38.079203	-78.904181	8				1990/123	2000/196	2013/134	2018/89				
Menno	Ind. Menn.	Island Creek	Carroll		2002			2008	51	2015	61														36.796517	-80.698561	9				2008/51	2015/61						
Menno	Ind. Menn.	Wills Ridge	Floyd		1992			1995	4	2010	42	2015	63	2018	76										36.944041	-80.361456	10				1995/4	2010/42	2015/63	2018/76				
Menno	MC	Stephens City	Frederick		1955	1960	12	1960	34	1975	76	1995	80	2013	35	2018	18								39.077257	-78.223788	11				1960/34	1975/76	1995/80	2013/35	2018/18			
Menno	Pilgrim MC	Winchester	Frederick		2014			2015	30																39.276048	-78.214008	12				2015/30							
Menno	SE Menn.	Mt. Hermon	Greene		1936	1947		1948	69	1950	54	1957	20	1960	53	1975	40	2004	56	2019	51				38.315083	-78.506406	13				1948/69	1950/54	1957/20	1960/53	1975/40	2004/56	2019/51	
Menno	SE Menn.	McDowell	Highland		2004	2020		2008	24	2019	37														38.205514	-79.582094	14				2008/24	2019/37						
Menno	MC	Christiansburg MF	Montgomery		1982			1990	32	2000	36	2013	48	2018	41										37.157006	-80.419836	15				1990/32	2000/36	2013/48	2018/41				
Menno	MC	Big Spring	Page		1960	1961		1971	16	1975	25	1997	45	2013	40	2018	0								38.726307	-78.423362	16				1971/16	1975/25	1997/45	2013/40	2018/0			
Menno	SE Menn.	Strasburg	Shenandoah		1999	2005		2008	29	2019	33														38.987551	-78.365248	17				2008/29	2019/33						
Menno	MC	Woodland	Shenandoah		1920	1944		1925	26	1958	22	1975	35	1997	31	2013	12								38.843234	-78.769858	18				1925/26	1958/22	1975/35	1997/31	2013/12			
Menno	Ind. Menn.	Broad Street	Harrisonburg		1936	1945		1953	17	1971	40	1997	19	2000	26	2015	10								38.451752	-78.863851	19				1953/17	1971/40	1997/19	2000/26	2015/10			
Menno	MC	Community	Harrisonburg		1972	1973	8 – 20	1975	26	2000	171	2007	225	2013	291	2018	271								38.449144	-78.872351	20				1975/26	2000/171	2007/225	2013/291	2018/271			
Menno	MC	Early Church	Harrisonburg		2009			2010	29	2013	32	2015	35	2018	38										38.455572	-78.863816	21				2010/29	2013/32	2015/35	2018/38				
Menno	MC	Eastside	Harrisonburg		2010			2013	51	2018	106														38.438606	-78.841424	22				2013/51	2018/106						
Menno	MC	Family of Hope	Harrisonburg		1987			1997	17	2013	12	2018	8												38.482599	-78.869015	23				1997/17	2013/12	2018/8					
Menno	MC	Harrisonburg	Harrisonburg		1936	1936		1954	145	1975	344	2000	545	2018	564										38.433228	-78.898854	24				1954/145	1975/344	2000/545	2018/564				
Menno	MC	Iglesia Discipular Anabapt.	Harrisonburg		2011			2013	27	2018	0														38.433228	-78.898854	25				2013/27	2018/0						
Menno	MC	Immanuel	Harrisonburg		1991	1994		1997	40	2000	98	2007	60	2013	36	2018	45								38.453788	-78.857544	26				1997/40	2000/98	2007/60	2013/36	2018/45			
Menno	MC	Manantial de Vida	Harrisonburg		2009			2013	63	2018	80														38.446139	-78.857917	27				2013/63	2018/80						
Menno	MC	New Song Anabpt. Fell.	Harrisonburg		2008			2013	21	2018	22														38.475656	-78.873381	28				2013/21	2018/22						
Menno	MC	Park View	Harrisonburg		1953	1968	56	1954	137	1975	285	2000	386	2013	430	2018	374								38.478618	-78.876178	29				1954/137	1975/285	2000/386	2013/430	2018/374			
Menno	MC	Ridgeway	Harrisonburg		1946	1947		1954	14	1975	100	1997	155	2013	168	2018	130								38.446139	-78.857917	30				1954/14	1975/100	1997/155	2013/168	2018/130			
Menno	C D, MC-USA	Shalom	Harrisonburg		1986			1990	7	2000	18	2015	90												38.470701	-78.874203	31				1990/7	2000/18	2015/90					
Menno	MC	The Table	Harrisonburg		2008			2013	18	2018	0														38.448156	-78.873889	32				2013/18	2018/0						
Menno	SE Menn.	Bank	Rockingham		1849	1849		1905	80	1925	128	1950	180	1975	93	1997	104	2014	144	2019	166				38.447255	-78.983767	33				1905/80	1925/128	1950/180	1975/93	1997/104	2014/144	2019/166	
Menno	MC	Beldor	Rockingham		1936	1947		1950	12	1975	43	2000	42	2018	20										38.347213	-78.611986	34				1950/12	1975/43	2000/42	2018/20				
Menno	SE Menn.	Bethany	Rockingham		1910	1913		1925	35	1950	18	1975	30	2004	72	2019	72								38.449413	-79.111163	35				1925/35	1950/18	1975/30	2004/72	2019/72			
Menno	Mtn. Val. Menn.	Bethel, Broadway	Rockingham		1913	1918		1925	71	1954	110	1975	111	2000	60	2015	35								38.699146	-78.868332	36				1925/71	1954/110	1975/111	2000/60	2015/35			
Menno	SE Menn.	Bethesda	Rockingham		1974			2008	36	2015	41	2019	53												36.655808	-78.837368	37				2008/36	2015/41	2019/53					
Menno	MC	Brennemans	Rockingham		1826	1826		1905	21																38.5262	-78.85788	38				1905/21							
Menno	Bib. Menn. All.	Calvary	Rockingham		1990	2001	55	1993	55	1998	20	2007	122	2015	190	2019	209								38.468103	-78.866398	39				1993/55	1998/20	2007/122	2015/190	2019/209			
Menno	Riv.Old Order Menn.	Cline-Showalter	Rockingham		1953	1973		1957	200	2010	310	2015	328												38.420158	-78.986571	40				1957/200	2010/310	2015/328					
Menno	MC	Crossroads	Rockingham		1934			1935	18	1950	36	1975	57	2000	31	2018	26								38.639519	-78.812569	41				1935/18	1950/36	1975/57	2000/31	2018/26			
Menno	Conserv. Menn.	Dayton	Rockingham		1972	1974		1975	108	2000	155	2015	170												38.407175	-78.946418	42				1975/108	2000/155	2015/170					
Menno	MC	Gospel Hill	Rockingham		1900	1909		1905	24	1925	100	1950	66	1975	94	1997	137	2013	45	2018	42				38.659632	-78.906136	43				1905/24	1925/100	1950/66	1975/94	1997/137	2013/45	2018/42	
Menno	MC	Grace Menn. Fellow.	Rockingham		1997	1998		2000	45	2007	124	2013	181	2018	172										38.543189	-78.76904	44				2000/45	2007/124	2013/181	2018/172				
Menno	MC	Hebron	Rockingham		1870	1914		1916	15	1925	24	1950	50	1975	87	1997	69	2018	66						38.647708	-78.915479	45				1916/15	1925/24	1950/50	1975/87	1997/69	2018/66		
Menno	MC	Iglesia Enciende una Luz	Rockingham		2012	2013		2013	70	2015	77	2018	0												38.468455	-78.831868	46				2013/70	2015/77	2018/0					
Menno	MC	Lindale	Rockingham		1898	1898		1898	14	1905	25	1925	55	1950	152	1954	178	1975	209	1997	285	2013	441	2018/305	38.535271	-78.849253	47				1898/14	1905/25	1925/55	1950/152	1954/178	1975/209	1997/285	2013/441
Menno	Ind. Old Order	Lloyd Wenger O.O.	Rockingham		2006		99	2015	100																38.420158	-78.986571	48				2015/100							
Menno	SE Menn.	McGaheysville	Rockingham		1980			2004	43	2008	25	2019	33												38.382523	-78.713052	49				2004/43	2008/25	2019/33					
Menno	Mtn. Val. Menn.	Morning View	Rockingham		1923	1929		1950	23	1960	41	1975	83	2000	77	2012	85								38.586753	-78.907542	50				1950/23	1960/41	1975/83	2000/77	2012/85			
Menno	MC	Mt. Clinton	Rockingham		1874	1874		1905	42	1925	108	1950	104	1975	105	1997	105	2013	119	2018	85				38.468103	-78.866398	51				1905/42	1925/108	1950/104	1975/105	1997/105	2013/119	2018/85	
Menno	Weaverland	Mt. Pleasant	Rockingham		1986			2004	40																38.405848	-78.923822	52				2004/40							
Menno	MC	Mt. Vernon	Rockingham		1954	1954		1956	26	1975	46	1997	105	2013	78	2018	68								36.264751	-78.78661	53				1956/26	1975/46	1997/105	2013/78	2018/68			
Menno	Orig. Old Order	Original Old Order Menn.	Rockingham		1902	1903		1902	69	1957	125	2010	375	2015	312										38.432664	-78.961819	54				1902/69	1957/125	2010/375	2015/312				
Menno	SE Menn.	Peake	Rockingham		1910	1923	35	1925	56	1950	44	1975	43	1997	61	2012	80	2019	105						38.493979	-78.995769	55				1925/56	1950/44	1975/43	1997/61	2012/80	2019/105		
Menno	SE Menn.	Pike	Rockingham		1825	1825		1905	95	1925	82	1950	128	1975	127	1997	115	2019	76						38.395604	-78.917361	56				1905/95	1925/82	1950/128	1975/127	1997/115	2019/76		
Menno	Nat. Fell. & Pilg. Min.	Pleasant Valley Menn. Fell.	Rockingham		1977			2004	42	2014	90	2015	135												38.366866	-78.880667	57				2004/42	2014/90	2015/135					
Menno	SE Menn.	Rawley Springs	Rockingham		1930	1936		1950	47	1975	63	1997	72	2019	53										38.496004	-79.041151	58				1950/47	1975/63	1997/72	2019/53				
Menno	Ind. Menn.	Timberville	Rockingham		1985			2004	45	2008	41	2015	26	2018	26										38.631282	-78.779911	59				2004/45	2008/41	2015/26	2018/26				
Menno	MC	Trissels	Rockingham		1822	1824		1905	45	1925	65	1950	97	1975	166	1997	10	2018	107						38.602374	-78.848347	60				1905/45	1925/65	1950/97	1975/166	1997110	2018/107		
Menno	MC	Valley View	Rockingham		1880	1922		1916	60	1925	88	1950	85	1975	74	1997	71	2013	66	2018	53				38.756802	-79.019369	61				1916/60	1925/88	1950/85	1975/74	1997/71	2013/66	2018/53	
Menno	MC	Weavers	Rockingham		1827	1827		1883	300	1905	229	1925	196	1950	289	1958	302	1975	318	1997	253	2007	315	2018/274	38.455927	-78.904547	62				1883/300	1905/229	1925/196	1950/289	1958/302	1975/318	1997/253	2007/315
Menno	MC	Zion	Rockingham		1885	1885		1905	35	1925	65	1950	138	1965	152	1975	166	1997	262	2013	194	2018	151		38.573104	-78.79842	63				1905/35	1925/65	1950/138	1965/152	1975/166	1997/262	2013/194	2018/151
Menno	MC	Zion Hill	Rockingham		1925	1927		1927	16	1950	36	1975	97	1997	8	2013	57	2018	54						38.557416	-78.938833	64				1927/16	1950/36	1975/97	1997108	2013/57	2018/54		
Menno	MC	Crest Hill Community	Hardy		1900	1924		1953	28	1975	20	1990	23	2000	10	2018	47								39.08211	-78.591993	65				1953/28	1975/20	1990/23	2000/10	2018/47			
Menno	MC	Mathias	Hardy		1973	1973		1954	98	1975	98	1997	62	2007	37	2018	24								39.207025	-78.429831	66				1954/98	1975/98	1997/62	2007/37	2018/24			
Menno	Mtn. Val. Menn.	Salem	Hardy		1868	1927		1931	61	1950	81	1975	85	1990	54	2000	36	2010	20						39.003611	-78.828062	67				1931/61	1950/81	1975/85	1990/54	2000/36	2010/20		
Menno	SE Menn.	North Fork	Pendleton		1932	1948		1950	49	1975	48	1997	44	2009	35	2019	29								39.065608	-78.9581	68				1950/49	1975/48	1997/44	2009/35	2019/29			
Menno	MC	Pleasant Grove	Pendleton		1885	1903		1905	42	1925	26	1950	53	1975	36	2007	9								38.62484	-79.24476	69				1905/42	1925/26	1950/53	1975/36	2007/9			
Menno	Ind. Menn.	Lambert	Randolph		1900	1949		1925	49	1950	20	1975	37	2002	26	2013	24								38.859266	-80.422031	70				1925/49	1950/20	1975/37	2002/26	2013/24			
Menno	MC	Riverside	Randolph		1913	1935		1925	27	1950	25	1975	39	1997	31	2013	22								38.92233	-79.52505	71				1925/27	1950/25	1975/39	1997/31	2013/22			
Breth	COB	Beaver Creek	Rockingham		1828			1908	346	1916	420	1925	350	1950	466	1962	628	1975	175	2002	184	2018	179		38.409841	-79.016253	1	1806			1908/346	1916/420	1925/350	1950/466	1962/628	1975/175	2002/184	2018/179
Breth	COB	Bethel, Broadway	Rockingham		1896			1977	156	2002	168	2018	132												38.586515	-78.771349	2	1976	156	Bethel	1977/156	2002/168	2018/132					
Breth	COB	Bridgewater	Rockingham		1878			1925	521	1950	625	1975	729	2002	709	2018	576								38.377652	-78.96334	3	1907	201	Cooks Creek	1925/521	1950/625	1975/729	2002/709	2018/576			
Breth	COB	Briery Branch	Rockingham		1886			1964	423	1975	260	2002	351	2018	410										38.429851	-79.066234	4	1961	269	Beaver Creek	1964/423	1975/260	2002/351	2018/410				
Breth	COB	Cedar Run	Rockingham		1897			1975	104	2002	90	2018	82												38.607009	-78.837495	5	1973	105	Linville Creek	1975/104	2002/90	2018/82					
Breth	COB	Cooks Creek at Garbers	Rockingham		1822			1925	300	1950	351														38.437848	-78.911576	6	1780			1925/300	1950/351						
Breth	COB	Damascus	Rockingham		1884			1925	110	1950	214	1975	161	2002	162	2018	115								38.752631	-79.007094	7	1922		Brocks Gap	1925/110	1950/214	1975/161	2002/162	2018/115			
Breth	COB	Dayton	Rockingham		1879			1975	305	2002	215	2018	217												38.414078	-78.939487	8	1966	258	Cooks Creek	1975/305	2002/215	2018/217					
Breth	DB	Dayton	Rockingham		1963			1980	22																38.412711	-78.944415	9	1927	“a few”		1980/22							
Breth	COB	Fairview-Endless Caverns	Rockingham		1892			1975	83	2002	126	2018	110												38.601998	-78.702977	10	1976	83	Unity	1975/83	2002/126	2018/110					
Breth	COB	Fairview-Mt. Clinton	Rockingham		1894			1975	64	1999	119	2018	99												38.509008	-78.941589	11	1967	127		1975/64	1999/119	2018/99					
Breth	COB	Garbers	Rockingham		1822			1975	119	1999	127	2018	118												38.437848	-78.911576	12	1966		Cooks Creek	1975/119	1999/127	2018/118					
Breth	COB	Greenmount	Rockingham		1843			1925	400	1930	425	1940	540	1950	669	1963	467	1975	140	2002	329	2018	261		38.51505	-78.892398	13	1844			1925/400	1930/425	1940/540	1950/669	1963/467	1975/140	2002/329	2018/261
Breth	COB	Linville Creek	Rockingham		1828			1925	236	1950	404	1975	325	1999	210	2002	214	2018	186						38.603961	-78.790357	14	1844			1925/236	1950/404	1975/325	1999/210	2002/214	2018/186		
Breth	COB	Mill Creek	Rockingham		1840			1925	600	1950	796	1975	474	2002	426	2018	406								38.337044	-78.819324	15	1840	14		1925/600	1950/796	1975/474	2002/426	2018/406			
Breth	COB	Montezuma	Rockingham		1913			1913	8	1950	185	1960	240	1971	361	1975	400	2002	325	2018	265				38.40919	-78.961782	16	1962	264		1913/8	1950/185	1960/240	1971/361	1975/400	2002/325	2018/265	
Breth	COB	Mountain Grove	Rockingham		1877			1962	272	1975	269	2002	257	2018	370										38.640729	-78.927733	17	1959	272	Brocks Gap	1962/272	1975/269	2002/257	2018/370				
Breth	COB	Mount Bethel	Rockingham		1912			1965	223	1975	208	2002	286	2018	155										38.471174	-79.019744	18	1962			1965/223	1975/208	2002/286	2018/155				
Breth	COB	Mount Olivet	Rockingham		1874			1959	199	1975	172	2002	156	2018	97										38.680447	-78.81732	19	1958	199	Timberville	1959/199	1975/172	2002/156	2018/97				
Breth	COB	Mount Zion-Linville	Rockingham		1895			1975	47	1999	69	2018	100												38.574275	-78.88805	20	1967	157		1975/47	1999/69	2018/100					
Breth	COB	Pine Grove	Rockingham		1850			1980	97	1999	74	2002	44	2018	35										38.536438	-78.801462	21	1976	94		1980/97	1999/74	2002/44	2018/35				
Breth	COB	Timberville	Rockingham		1879			1925	267	1950	460	1958	359	1975	298	2002	228	2018	220						38.639647	-78.771342	22	1910	85	Flat Rock	1925/267	1950/460	1958/359	1975/298	2002/228	2018/220		
Breth	COB	Knights Chapel	Albemarle		1940			1975	33	2002	52	2018	77												38.153705	-78.281562	23	1980		Eastern Mt. Carmel	1975/33	2002/52	2018/77					
Breth	COB	Selma	Allegheny		1916			1925	144	1950	131	1975	29	2002	23	2018	26								37.805111	-79.850151	24	1914	20		1925/144	1950/131	1975/29	2002/23	2018/26			
Breth	COB	Chimney Run	Bath		1909			1925	36	1950	124	1975	102	2002	139	2018	139								38.056514	-79.806163	25	1914			1925/36	1950/124	1975/102	2002/139	2018/139			
Breth	COB	Jeters Chapel	Bedford		1890			1925	25	1950	147	1975	149	2002	85	2018	107								37.31664	-79.809801	26	1875	20		1925/25	1950/147	1975/149	2002/85	2018/107			
Breth	COB	Blue Ridge	Botetourt		1887			1950	203	1975	201	1999	162	2002	83	2018	76								37.384995	-79.797533	27	1946	200	Valley/Cloverdale	1950/203	1975/201	1999/162	2002/83	2018/76			
Breth	FGB	First Brethren, B. V.	Buena Vista		1890																				37.743483	-79.350484	28	1890										
Breth	COB	Coulson	Carroll		1898			1925	50	1950	120	1975	252	2002	377	2018	214								36.768837	-80.845888	29	1898			1925/50	1950/120	1975/252	2002/377	2018/214			
Breth	FGB	Covington	Covington		1936			1982	200																37.759599	-79.987898	30	1934	52		1982/200							
Breth	BC	Gatewood	Fayette Co. WV		1915			1950	76	1975	28	1980	22	1999	10										38.043289	-81.097513	31	1909			1950/76	1975/28	1980/22	1999/10				
Breth	COB	Calvary	Frederick		1894			1958	184	1975	238	2002	220	2018	215										39.148532	-78.160516	32	1956	184	Salem/Oak Hill	1958/184	1975/238	2002/220	2018/215				
Breth	COB	Olean	Giles		1939			1950	78	1975	71	1983	63	2002	23	2018	17								37.390846	-80.657269	33	1939			1950/78	1975/71	1983/63	2002/23	2018/17			
Breth	COB	Ceder Grove-Ruckersville	Greene		1897			1982	144	1999	69	2018	58												38.21057	-78.397365	34	1980	144	Eastern Mt. Carmel	1982/144	1999/69	2018/58					
Breth	COB	Crab Run	Hardy		1871			1950	166	1964	135	1975	132	2002	157	2018	152								38.848191	-78.892969	35	1944	159		1950/166	1964/135	1975/132	2002/157	2018/152			
Breth	BC	Bethlehem	Harrisonburg		1898			1950	69	1975	63	1980	69	1999	30										38.431924	-78.899219	36	1898			1950/69	1975/63	1980/69	1999/30				
Breth	COB	Bassett	Henry		1936			1950	263	1975	279	2002	212	2018	104										36.746838	-79.980279	37	1939	154	Mount Herman	1950/263	1975/279	2002/212	2018/104				
Breth	COB	Hiner	Highland		1899			1975	36	2002	39	2018	52												38.27137	-78.544787	38	1969	18		1975/36	2002/39	2018/52					
Breth	COB	Oakvale	Mercer Co., WV		1906			1925	30	1950	51	1975	60	2002	34	2018	32								37.316707	-80.929876	39	1906			1925/30	1950/51	1975/60	2002/34	2018/32			
Breth	COB	Spruce Run	Monroe		1876			1882	51	1883	15	1925	20	1950	128	1975	133	2002	163	2018	159				37.458488	-80.610307	40	1843	15		1882/51	1883/15	1925/20	1950/128	1975/133	2002/163	2018/159	
Breth	COB	Christiansburg	Montgomery		1910			1925	125	1950	326	1975	273	2002	205	2018	193								37.125993	-80.403995	41	1909			1925/125	1950/326	1975/273	2002/205	2018/193			
Breth	COB	Bethel	Nelson		1909			1925	13	1950	62	1975	95	2002	73	2018	69								37.676127	-78.861668	42	1909			1925/13	1950/62	1975/95	2002/73	2018/69			
Breth	COB	Leakes Chapel	Page		1906			1959	166	1975	181	1980	202	2002	277	2018	156								38.571556	-78.528418	43	1959	166		1959/166	1975/181	1980/202	2002/277	2018/156			
Breth	COB	New Hope	Patrick		1910			1975	114	2002	161	2018	200												36.788593	-80.175214	44	1957	101	Smith River	1975/114	2002/161	2018/200					
Breth																											45											
Breth		New Hope																									46											
Breth	COB	Durbin	Pocahontas, WV		1947			1999	50	2018	59														38.990549	-80.228181	47	1989		Pocohantas	1999/50	2018/59						
Breth	COB	Crab Orchard	Raleigh Co., WV		1857			1925	35	1950	170	1975	156	1999	133	2018	97								37.742533	-81.230739	48	1868	12		1925/35	1950/170	1975/156	1999/133	2018/97			
Breth	FGB	Clearbrook	Roanoke Co.					1982	83																37.19007	-79.937064	49	1907	10		1982/83							
Breth	COB	Central, Roanoke	Roanoke City		1924			1924	200	1950	506	1975	385	1999	240	2018	139								37.270075	-79.949095	50	1924	200		1924/200	1950/506	1975/385	1999/240	2018/139			
Breth	COB	Concord	Rockbridge		1926			1940	100	1950	66	1975	57	2002	52	2018	52								37.873626	-79.273944	51	1926			1940/100	1950/66	1975/57	2002/52	2018/52			
Breth	COB	Antioch, Woodstock	Shenandoah		1870			1925	150	1950	367	1975	150	1999	111	2018	309								38.875102	-78.547024	52	1827	12		1925/150	1950/367	1975/150	1999/111	2018/309			
Breth	COB	Staunton	Staunton		1903			1925	130	1950	375	1975	420	2002	390	2018	239								38.168041	-79.051514	53	1898			1925/130	1950/375	1975/420	2002/390	2018/239			
Breth	COB	Community Mission	Shenandoah		1964			1964	40	1976	146	2002	108	2018	132										38.893877	-78.607873	54	1976	146	Woodstock	1964/40	1976/146	2002/108	2018/132				
Breth	COB	Flat Rock	Shenandoah		1841			1925	220	1950	318	1970	351	1975	372	1980	404	2002	114	2018	26				38.703052	-78.735883	55	1782			1925/220	1950/318	1970/351	1975/372	1980/404	2002/114	2018/26	
Breth	BC	Maurertown (Shiloh)	Shenandoah		1897			1886	106	1950	232	1975	172	1999	147	2017	79								38.929934	-78.463455	56	1885	34		1886/106	1950/232	1975/172	1999/147	2017/79			
Breth	COB	Oak Hill (Powells Fort)	Shenandoah		1871			1925	52	1950	69	1975	70	1999	88	2018	62								38.843662	-78.417149	57	1901			1925/52	1950/69	1975/70	1999/88	2018/62			
Breth	COB	Palmyra Fellowship	Shenandoah		1890			1999	37	2002	30	2018	32												38.816593	-78.5664	58	1984		Flat Rock	1999/37	2002/30	2018/32					
Breth	COB	Pleasant View	Shenandoah		1875			1950	294	1975	80	1999	80	2018	81										38.79078	-78.660277	59	1911			1950/294	1975/80	1999/80	2018/81				
Breth	COB	Round Hill	Shenandoah		1880			1964	80	1972	77	2002	90	2018	95										38.950599	-78.433596	60	1957	64	Woodstock	1964/80	1972/77	2002/90	2018/95				
Breth	BC	Saint Luke	Shenandoah		1870			1950	43	1975	60	1980	88	1999	128	2017	103								38.903292	-78.581952	61	1883			1950/43	1975/60	1980/88	1999/128	2017/103			
Breth	COB	Salem	Shenandoah		1859			1925	104	1950	280	1972	108	2002	71	2018	43								39.057583	-78.231074	62	1858			1925/104	1950/280	1972/108	2002/71	2018/43			
Breth	COB	Valley Pike	Shenandoah		1877			1956	200	1975	246	1980	257	1999	253	2018	213								38.917833	-78.47218	63	1963		Woodstock	1956/200	1975/246	1980/257	1999/253	2018/213			
Breth	COB	Wakemans Grove	Shenandoah		1897			1975	183	1980	220	1999	283	2018	376										38.845866	-78.618445	64	1961	104	Flat Rock/Pl. View	1975/183	1980/220	1999/283	2018/376				
Breth	COB	Walkers Chapel	Shenandoah		1894			1975	107	1980	101	1999	97	2002	64	2018	67								38.766518	-78.652956	65	1974	107		1975/107	1980/101	1999/97	2002/64	2018/67			
Breth	BC	Waterbrook	Shenandoah		1988			1999	128																38.816601	-78.568427	66	1982	29	Maurertown	1999/128							
Breth	COB	First, Roanoke	Roanoke City		1894			1915	500	1925	325	1950	859	1975	421	2002	205	2018	178						37.289669	-79.968004	67	1893			1915/500	1925/325	1950/859	1975/421	2002/205	2018/178		
Breth	FGB	Ghent (First Brethren)	Roanoke City		1892			1982	286																37.264677	-79.968764	68	1892			1982/286							
Breth	COB	Hollins Road, Roanoke	Roanoke City		1916			1925	95	1950	364	1975	388	1999	151	2018	194								37.296479	-79.925633	69	1924	84		1925/95	1950/364	1975/388	1999/151	2018/194			
Breth	COB	Ninth Street, Roanoke	Roanoke City		1925			1925	100	1950	510	1975	390	1980	348	2002	238	2018	189						37.264542	-79.927131	70	1923	36		1925/100	1950/510	1975/390	1980/348	2002/238	2018/189		
Breth	FGB	Washington Heights	Roanoke City		1953			1982	90																37.292818	-79.999389	71	1951	16		1982/90							
Breth	COB	Williamson Road	Roanoke City		1950			1951	105	1975	420	1999	377	2018	250										37.30487	-79.944187	72	1949	104		1951/105	1975/420	1999/377	2018/250				
Breth	FGB	Fairlawn	Roanoke Co.		1947			1982	100																37.15347	-80.561153	73	1947	100		1982/100							
Breth	FGB	Garden City Bible Fellow.	Roanoke Co.		1955																				37.22976	-79.920978	74	1955	20									
Breth	FGB	Gospel	Roanoke Co.		1972			1982	52																37.20228	-79.984619	75	1964	20		1982/52							
Breth	COB	Green Hill	Roanoke Co.		1910			1925	125	1950	237	1975	186	2002	118	2018	122								37.272836	-80.106285	76	1917	100		1925/125	1950/237	1975/186	2002/118	2018/122			
Breth	COB	Masons Cove	Roanoke Co.		1920			1950	107	1975	156	2002	95	2018	31										37.371202	-80.068283	77	1941			1950/107	1975/156	2002/95	2018/31				
Breth	COB	Mount Union	Roanoke Co.		1894			1975	176	2002	80	2018	149												37.173236	-80.054125	78	1963	73		1975/176	2002/80	2018/149					
Breth	COB	Oak Grove, Roanoke	Roanoke Co.		1908			1925	100	1950	174	1975	261	2002	285	2018	346								37.230781	-80.015369	79	1923	100		1925/100	1950/174	1975/261	2002/285	2018/346			
Breth	FGB	Patterson Memorial	Roanoke Co.		1913			1982	188																37.338616	-79.926607	80	1913	12		1982/188							
Breth	COB	Peters Creek	Roanoke Co.		1845			1925	160	1950	231	1975	423	2002	225	2018	204								37.316281	-80.013728	81	1837			1925/160	1950/231	1975/423	2002/225	2018/204			
Breth	COB	Poages Mill	Roanoke Co.		1900			1925	75	1950	180	1975	325	2002	296	2018	98								37.199044	-80.054125	82	1923			1925/75	1950/180	1975/325	2002/296	2018/98			
Breth	COB	Red Hill	Roanoke Co.		1909			1950	144	1975	159	2002	88	2018	80										37.186004	-79.936133	83	1944	c. 90		1950/144	1975/159	2002/88	2018/80				
Breth	COB	Roanoke Summerdean	Roanoke Co.		1962			1970	130	1975	173	2002	227	2018	296										37.341028	-79.943077	84	1964	54		1970/130	1975/173	2002/227	2018/296				
Breth	COB	Vinton	Roanoke Co.		1909			1950	62	1975	163	2002	101	2018	75										37.282109	-79.908069	85	1949	45		1950/62	1975/163	2002/101	2018/75				
Breth	COB	New Hope	Pocohantas Co. WV		1930			1975	35	1998	73	2002	73	2018	125										38.326214	-79.898674	86	2002		Pocohantas	1975/35	1998/73	2002/73	2018/125				
Breth	COB	Pine Grove - Pocohantas	Pocohantas Co. WV		1938			1950	276	1975	178	1999	102	2018	55										37.509273	-80.999817	87	1938			1950/276	1975/178	1999/102	2018/55				
Breth	COB	Cedar Grove - Brandywine	Pendleton Co. WV		1885			1975	89	2002	59	2018	83												38.62484	-79.24476	88	1966	91		1975/89	2002/59	2018/83					
Breth	COB	Crummet Run	Pendleton Co. WV		1870			1925	208	1950	176	1975	42	2002	49	2018	49								38.51123	-79.32171	89	1897			1925/208	1950/176	1975/42	2002/49	2018/49			
Breth	COB	Friends Run	Pendleton Co. WV		1951			1975	141	2002	82	2018	82												38.651531	-79.330022	90	1980		Smith Creek	1975/141	2002/82	2018/82					
Breth	COB	North Fork Fellowship	Pendleton Co. WV		1921			1925	100	1950	128	1975	74	2002	128	2018	100								38.67095	-79.49116	91	1921		North Fork/1978	1925/100	1950/128	1975/74	2002/128	2018/100			
Breth	COB	Smith Creek Fellowship	Pendleton Co. WV		1893			1925	130	1950	355	1975	318	2002	62	2018	52								38.654544	-79.428069	92	1918		Smith Creek/1980	1925/130	1950/355	1975/318	2002/62	2018/52			
Breth	COB	Smith River	Patrick		1890			1925	150	1950	204	1975	114	2002	166	2018	162								36.777576	-80.249064	93	1890			1925/150	1950/204	1975/114	2002/166	2018/162			
Breth	COB	Luray	Page		1920			1956	190	1975	266	1999	141	2018	105										38.664598	-78.452362	94	1955	190	Mt. Zion	1956/190	1975/266	1999/141	2018/105				
Breth	COB	Mount Zion	Page		1872			1908	400	1925	500	1950	396	1975	233	2002	90	2018	103						38.632423	-78.456977	95	1850			1908/400	1925/500	1950/396	1975/233	2002/90	2018/103		
Breth	COB	Newport	Page		1896			1959	123	1975	303	2002	126	2018	106										38.574904	-78.599717	96	1959	123	Leakes Chapel	1959/123	1975/303	2002/126	2018/106				
Breth	COB	Rileyville	Page		1908			1929	114	1950	68	1975	44	2002	65	2018	102								38.764882	-78.387668	97	1927	114		1929/114	1950/68	1975/44	2002/65	2018/102			
Breth	COB	Good Shepherd	Montgomery		1989			1999	41	2002	37	2018	5												37.222829	-80.449137	98	1981	11		1999/41	2002/37	2018/5					
Breth	COB	Pulaski	Pulaski		1915			1925	20	1950	226	1975	266	2002	97	2018	72								37.05987	-80.748319	99	1921	20		1925/20	1950/226	1975/266	2002/97	2018/72			
Breth	COB	Collinsville	Henry		1959			1964	85	1975	142	2002	145	2018	153										36.723965	-79.919773	100	1959	57		1964/85	1975/142	2002/145	2018/153				
Breth	COB	Jones Chapel	Henry		1941			1944	42	1950	77	1975	135	2002	126	2018	76								36.768145	-79.876989	101	1941	22		1944/42	1950/77	1975/135	2002/126	2018/76			
Breth	COB	Mount Hermon	Henry		1892			1925	19	1950	187	1975	212	2002	159	2018	162								36.762499	-80.031955	102	1892			1925/19	1950/187	1975/212	2002/159	2018/162			
Breth	COB	First, Harrisonburg	Harrisonburg		1906			1925	275	1950	496	1975	669	1999	535	2018	346								38.448157	-78.880965	103	1909			1925/275	1950/496	1975/669	1999/535	2018/346			
Breth	COB	Mathias	Hardy		1844			1950	415	1975	315	2002	287	2018	279										38.875198	-78.862107	104	1943		Upper Lost River	1950/415	1975/315	2002/287	2018/279				
Breth	COB	Evergreen	Greene		1898			1962	267	1975	152	2002	140	2018	99										38.27137	-78.544787	105	1962	550	Mount Carmel	1962/267	1975/152	2002/140	2018/99				
Breth	COB	Shiloh (Greene)	Greene		1936			1999	44	2018	62														38.3836	-78.425123	106	1961		Mount Carmel	1999/44	2018/62						
Breth	COB	Meadow Mills	Frederick		1913			1975	232	2002	74	2018	74												39.023049	-78.305899	107	1959	175		1975/232	2002/74	2018/74					
Breth	BC	Oak Hill	Fayette Co. WV		1904			1950	129	1975	136	1980	153	1999	114	2017	96								37.974603	-81.14581	108	1902			1950/129	1975/136	1980/153	1999/114	2017/96			
Breth	COB	Pleasant View	Fayette Co. WV		1897			1925	146	1950	177	1975	100	2002	41	2018	50								38.043289	-81.097513	109	1860	7		1925/146	1950/177	1975/100	2002/41	2018/50			
Breth	COB	Fremont	Carroll		1921			1950	68	1971	31	1975	63	1999	47	2002	0								36.772746	-80.681195	110	1929			1950/68	1971/31	1975/63	1999/47	2002/disorg.			
Breth	COB	Stone, Buena Vista	Buena Vista		1909			1925	200	1950	324	1975	355	1999	184	2018	156								37.734841	-79.352743	111	1908			1925/200	1950/324	1975/355	1999/184	2018/156			
Breth	COB	Cloverdale	Botetourt		1913			1925	350	1950	387	1975	436	2002	229	2018	205								37.368291	-79.907738	112	1913	160	Old Valley	1925/350	1950/387	1975/436	2002/229	2018/205			
Breth	COB	Daleville	Botetourt		1902			1925	200	1950	312	1975	163	2002	172	2018	85								37.40875	-79.911817	113	1912			1925/200	1950/312	1975/163	2002/172	2018/85			
Breth	COB	Mount Bethel	Botetourt		1885			1955	51	1975	126	2002	39	2018	37										37.634615	-79.734729	114	1950	32	Mount Joy	1955/51	1975/126	2002/39	2018/37				
Breth	COB	Mount Joy	Botetourt		1883			1925	45	1950	49	1975	163	2002	55	2018	51								37.615772	-79.664943	115	1859	12		1925/45	1950/49	1975/163	2002/55	2018/51			
Breth	COB	Pleasant Dale	Botetourt		1916			1975	127	1980	121	2002	24	2018	11										37.497933	-79.951712	116	1961			1975/127	1980/121	2002/24	2018/11				
Breth	COB	Troutville	Botetourt		1890			1925	325	1950	521	1975	314	1999	189	2018	150								37.414708	-79.879138	117	1912		Botetourt	1925/325	1950/521	1975/314	1999/189	2018/150			
Breth	COB	Saunders Grove	Bedford		1893			1925	45	1950	80	1975	228	2002	77	2018	60								37.278559	-79.679578	118	1875			1925/45	1950/80	1975/228	2002/77	2018/60			
Breth	COB	Barren Ridge	Augusta		1856			1925	300	1950	240	1975	259	2002	251	2018	301								38.160264	-78.945714	119	1865			1925/300	1950/240	1975/259	2002/251	2018/301			
Breth	COB	Sunrise	Harrisonburg		2002			2018	116																38.433223	-78.882021	120	2002			2018/116							
Breth	COB	Bethel-Keezletown	Rockingham		1953			1999	140	2002	164	2018	211												38.497357	-78.730372	121	1987			1999/140	2002/164	2018/211					
Breth	BC	Liberty	Rockingham		1894			1950	32	1975	40	1980	31	1999	27	2017	25								38.704205	-78.680313	122	1894			1950/32	1975/40	1980/31	1999/27	2017/25			
Breth	COB	Melrose	Rockingham		1884			1999	109	1999	107	2002	104	2018	70										38.490526	-78.817876	123	1988		Greenmount/Mel. Grove	1999/109	1999/107	2002/104	2018/70				
Breth	COB	Mountain View Fellowship	Rockingham		2006			2002	20	2018	91														38.365114	-78.753791	124	2000			2002/20	2018/91						
Breth	BC	Mount Olive	Rockingham		1890			1950	349	1975	292	1980	145	1999	345	2017	673								38.342146	-78.795597	125	1884			1950/349	1975/292	1980/145	1999/345	2017/673			
Breth	COB	Stony Creek	Rockingham		1894			1975	104	2002	112	2018	113												38.830318	-78.7502	126	1980		Flat Rock	1975/104	2002/112	2018/113					
Breth	COB	Emmanuel	Augusta		1832			2002	238	2018	220														38.369535	-79.099548	127	1832		Beav. Crk/Sangerville	2002/238	2018/220						
Breth	COB	Trinity	Botetourt		1903			1975	88	1999	122	2018	48												37.453934	-79.895746	128	1954		Troutville	1975/88	1999/122	2018/48					
Breth	FGB	Troutville Grace Bible	Botetourt					1981	40	1982	46														37.431103	-79.845377	129				1981/40	1982/46						
Breth	FGB	Riner	Montgomery		1954			1982	34																37.025264	-80.434351	130		14		1982/34							
Breth	COB	Oronoco	Amherst					1950	143	1964	99	1975	86	2002	158	2018	78								37.743944	-79.271958	131	1919			1950/143	1964/99	1975/86	2002/158	2018/78			
Breth	COB	Saint Paul	Carroll		1889			1953	95	1975	80	1985	70	2002	37	2018	28								36.602226	-80.684978	132	1891			1953/95	1975/80	1985/70	2002/37	2018/28			
Breth	COB	Arbor Hill	Augusta		1926			1950	169	1960	348	1975	169	2002	40	2018	21								38.104368	-79.14699	133	1947	117		1950/169	1960/348	1975/169	2002/40	2018/21			
Breth	COB	Blue Ridge Chapel	Augusta		1940			1975	223	2002	217	2018	202												38.096373	-78.861282	134	1953	78	Waynesboro	1975/223	2002/217	2018/202					
Breth	COB	Elk Run	Augusta		1881			1925	180	1950	160	1975	112	2002	47	2018	56								38.279291	-79.137886	135	1880			1925/180	1950/160	1975/112	2002/47	2018/56			
Breth	COB	Forest Chapel	Augusta		1894			1950	109	1975	263	2002	151	2018	135										38.141319	-78.811513	136	1938	94		1950/109	1975/263	2002/151	2018/135				
Breth	COB	Grottoes	Augusta		1915			1955	129	1975	146	1999	109	2002	65	2018	75								38.257439	-78.821456	137	1951	29		1955/129	1975/146	1999/109	2002/65	2018/75			
Breth	COB	Lebanon	Augusta		1881			1925	162	1950	150	1975	206	2002	187	2018	176								38.254496	-79.012266	138	1908			1925/162	1950/150	1975/206	2002/187	2018/176			
Breth	COB	Little River	Augusta		1913			1950	238	1975	116	2002	126	2018	102										38.047854	-79.392737	139	1939	213		1950/238	1975/116	2002/126	2018/102				
Breth	COB	Middle River	Augusta		1824			1850	501	1925	300	1950	332	1971	238	1975	211	2002	264	2018	80				38.213596	-78.904784	140	1824			1850/over 500	1925/300	1950/332	1971/238	1975/211	2002/264	2018/80	
Breth	COB	Moscow	Augusta		1854			1925	110	1950	128	1975	116	2002	178	2018	103								38.313366	-79.083567	141	1870	110		1925/110	1950/128	1975/116	2002/178	2018/103			
Breth	COB	Mount Vernon	Augusta		1870			1925	240	1950	174	1975	190	2002	112	2018	106								38.041971	-78.995987	142	1866	60		1925/240	1950/174	1975/190	2002/112	2018/106			
Breth	COB	Pleasant Hill	Augusta		1892			1955	153	1975	142	2002	92	2018	94										38.183905	-78.841275	143	1951			1955/153	1975/142	2002/92	2018/94				
Breth	COB	Pleasant Valley	Augusta		1854			1925	290	1950	322	1975	371	1999	339	2018	409								38.279481	-78.903763	144	1865		Middle River	1925/290	1950/322	1975/371	1999/339	2018/409			
Breth	COB	Sangerville	Augusta		1880			1925	629	1950	672	1975	247	2002	105	2018	73								38.391219	-79.079211	145	1895		Beaver Creek	1925/629	1950/672	1975/247	2002/105	2018/73			
Breth	COB	Summit	Augusta		1874			1925	211	1950	192	1975	269	2002	134	2018	136								38.327001	-78.97642	146	1914			1925/211	1950/192	1975/269	2002/134	2018/136			
Breth	COB	White Hill	Augusta		1901			1929	140	1950	175	1975	167	2002	441	2018	391								38.03914	-79.060795	147	1925	110	Mt. Vernon	1929/140	1950/175	1975/167	2002/441	2018/391			
Breth	COB	Waynesboro	Waynesboro		1918			1925	140	1950	594	1975	585	2002	381	2018	141								38.078688	-78.875722	148	1925	140	Barren Ridge	1925/140	1950/594	1975/585	2002/381	2018/141			
Breth	COB	Iglesia Del Buen Pastor	Montgomery					2018	0																37.222829	-80.449137	149	2014			2018/0							
Breth	COB	Hiwassee	Pulaski		1941			1975	68	1986	34	1994	29	2002	40	2018	52								36.971813	-80.707756	150	1997	37	Pulaski	1975/68	1986/34	1994/29	2002/40	2018/52			
Breth	COB	Beaver Creek (Floyd)	Floyd		1897			1925	82	1950	142	1975	104	1980	131	1999	190	2018	215						36.950031	-80.374112	151	1900	118		1925/82	1950/142	1975/104	1980/131	1999/190	2018/215		
Breth	COB	Burks Fork	Floyd		1893			1925	104	1950	157	1975	51	2002	32	2018	48								36.810991	-80.441334	152	1892	60		1925/104	1950/157	1975/51	2002/32	2018/48			
Breth	COB	Copper Hill	Floyd		1892			1925	275	1950	394	1975	239	2002	345	2018	334								37.085067	-80.127735	153	1874	12		1925/275	1950/394	1975/239	2002/345	2018/334			
Breth	COB	Duncans Chapel	Floyd		1930			1975	92	2002	75	2018	53												36.915232	-80.4859	154	1959			1975/92	2002/75	2018/53					
Breth	COB	Iglesia Cristiana Nueva Vida	Floyd					2018	39																36.884848	-80.456831	155	2006			2018/39							
Breth	COB	Laurel Branch	Floyd		1904			1925	70	1950	87	1975	72	2002	71	2018	85								36.918527	-80.387841	156	1917		Topeco	1925/70	1950/87	1975/72	2002/71	2018/85			
Breth	COB	Parkway	Floyd		1921			1980	45	1999	11	2018	24												36.766162	-80.423428	157	1976	46	Burks Fork	1980/45	1999/11	2018/24					
Breth	COB	Pleasant Hill	Floyd		1898			1925	115	1950	148	1975	38	1980	23	1993	8								36.85291	-80.50312	158	1897			1925/115	1950/148	1975/38	1980/23	1993/8			
Breth	COB	Pleasant Valley	Floyd		1867			1925	209	1950	293	1975	103	1999	116	2018	140								36.946815	-80.453536	159	1860			1925/209	1950/293	1975/103	1999/116	2018/140			
Breth	COB	Red Oak Grove	Floyd		1906			1929	100	1950	299	1975	324	1999	233	2002	152	2018	110						36.984485	-80.286728	160	1870			1929/100	1950/299	1975/324	1999/233	2002/152	2018/110		
Breth	COB	Stonewall	Floyd					1999	39	2002	37	2018	38												36.990225	-80.215943	161	1999	39	Red Oak Grove	1999/39	2002/37	2018/38					
Breth	COB	Topeco	Floyd		1857			1925	200	1950	324	1975	371	2002	328	2018	329								36.866548	-80.41696	162	1845	10		1925/200	1950/324	1975/371	2002/328	2018/329			
Breth	COB	White Rock	Floyd		1893			1925	95	1950	111	1975	116	2002	81	2018	56								36.96721	-80.495906	163	1896	100		1925/95	1950/111	1975/116	2002/81	2018/56			
Breth	COB	Antioch	Franklin		1873			1925	340	1950	667	1975	367	2002	367	2018	329								37.038064	-79.97997	164	1873			1925/340	1950/667	1975/367	2002/367	2018/329			
Breth	COB	Bethany	Franklin		1906			1975	88	2002	73	2018	62												37.037118	-80.056534	165	1960		Bethlehem/Antioch	1975/88	2002/73	2018/62					
Breth	COB	Bethlehem	Franklin		1873			1925	450	1950	406	1975	367	2002	132	2018	118								37.085	-79.989829	166	1872			1925/450	1950/406	1975/367	2002/132	2018/118			
Breth	COB	Boones Chapel (Franklin)	Franklin		1910			1925	97	1950	210	1972	180	2002	113	2018	136								36.853414	-79.703091	167	1912	25	Antioch	1925/97	1950/210	1972/180	2002/113	2018/136			
Breth	COB	Boones Mill	Franklin		1925			1950	448	1975	197	2002	77	2018	48										37.120476	-79.955562	168	1928	300		1950/448	1975/197	2002/77	2018/48				
Breth	COB	Cedar Bluff Community	Franklin		1889			1963	164	1975	159	2002	108	2018	105										37.061329	-81.75853	169	1962	164	Boones Mill	1963/164	1975/159	2002/108	2018/105				
Breth	COB	Fairview-Rocky Mount	Franklin		1931			1975	131	2002	118	2018	112												36.991679	-79.896313	170	1956	148		1975/131	2002/118	2018/112					
Breth	COB	Ferrum, First	Franklin		1942			1975	71	2002	42	2018	14												36.920221	-80.005848	171	1958		Antioch	1975/71	2002/42	2018/14					
Breth	COB	Germantown Brick	Franklin		1848			1925	250	1950	353	1975	245	1999	270	2018	229								37.072684	-79.92042	172	1848			1925/250	1950/353	1975/245	1999/270	2018/229			
Breth	COB	Henry Fork	Franklin		1917			1975	159	2002	231	2018	308												36.966109	-79.871564	173	1956	165		1975/159	2002/231	2018/308					
Breth	COB	Lighthouse	Franklin					1999	38	2002	54	2018	19												37.149597	-79.966465	174	1974			1999/38	2002/54	2018/19					
Breth	COB	Monte Vista	Franklin		1922			2002	79	2018	82														37.10101	-80.054538	175	1979	70		2002/79	2018/82						
Breth	COB	Nineveh	Franklin		1878			1975	79	2002	56	2018	55												37.208345	-79.790945	176	1954	69	Germantown	1975/79	2002/56	2018/55					
Breth	COB	Oak Grove – South	Franklin					1964	130	1975	107	2002	101	2018	106										37.01754	-79.920396	177	1956	115		1964/130	1975/107	2002/101	2018/106				
Breth	OGBB	Oak Hill	Franklin		1873			1980	151																37.104127	-79.799315	178	1883	99	Germantown COB	1980/151							
Breth	COB	Rocky Mount	Franklin		1958			1964	90	1975	110	2002	151	2018	186										37.002138	-79.882339	179	1957	21		1964/90	1975/110	2002/151	2018/186				
Breth	COB	South Mtn. Lake Comm.	Franklin		2000			1999	30	2002	46	2018	74												37.065173	-79.711762	180	2001	24	Virlina District	1999/30	2002/46	2018/74					
Breth	COB	Front Royal	Warren		1946			1950	74	1975	170	1999	160	2018	265										38.93402	-78.198128	181	1947	55		1950/74	1975/170	1999/160	2018/265				
Breth	FGB	Blue Ridge (Winchester)	Winchester		1983			1995	125	2001	110	2005	84	2015	82	2020	79								39.163151	-78.19358	182	1981	10		1995/125	2001/110	2005/84	2015/82	2020/79			
Breth	FGB	Winchester	Winchester		1925			1982	330																39.186785	-78.113181	183	1922			1982/330							
Breth	COB	Valley Bethel	Highland		1904			1914	36	1925	60	1950	64	1975	36	2002	21	2018	17						38.225269	-79.663481	184	1900	42		1914/36	1925/60	1950/64	1975/36	2002/21	2018/17		
Breth	COB	Iglesia Cristiana Renacer	Roanoke County					2018	16																37.341028	-79.943077	185	2006			2018/16							
Breth	COB	Columbia Furnace	Shenandoah		1854			1975	190	1985	138	1988	170	2002	192	2018	237								38.873031	-78.594486	186	1989	157	Woodstock	1975/190	1985/138	1988/170	2002/192	2018/237			
Breth	BC	Windhaven	Shenandoah		1963			1975	31	1997	62	2017	47												38.725346	-78.668536	187	1955, 2003			1975/31	1997/62	2017/47					
Breth	COB	Shiloh (West Virginia)	Barbour Co. WV		1852			1922	115	1960	125	1980	69												39.207591	-79.858477	188	1845			1922/115	1960/125	1980/69					
Breth	BC	Mathias	Hardy, WV		1908			1938	432	1950	275	1975	82	1999	59	2017	59	2020	64						39.208051	-78.919758	189	1908			1938/432	1950/275	1975/82	1999/59	2017/59	2020/64		
Breth	COB	Mount Carmel (WV)	Hardy, WV		1892			1999	30	2002	24	2018	15												38.681502	-81.472882	190	1983		South Fork	1999/30	2002/24	2018/15					
Breth	COB	New Dale	Hardy, WV		1899			1955	158	1975	98	2002	99	2018	99										38.988731	-78.842445	191	1954	158		1955/158	1975/98	2002/99	2018/99				
Breth	COB	Trout Run or Sugar Grove	Hardy, WV		1888			1950	53	1975	59	2002	23	2018	27										39.022234	-78.669894	192	1955			1950/53	1975/59	2002/23	2018/27				
Breth	COB	Bethlehem Fellowship	Pendleton Co. WV					1999	32	2002	32	2018	0												38.679138	-79.203319	193	1983		South Fork	1999/32	2002/32	2018/0					
																									36.1													
																									39.9													
